source,language,smell,label,sample_id,n_reviews,pos_frac,repository,commit_hash,path,start_line,end_line,link,code_name
MLCQ,Java,Long Method,1,mlcq_7958322,3,0.667,git@github.com:eclipse/titan.EclipsePlug-ins.git,92bae808bfd4757c9a2f7cc0e59cd17ad801394c,/org.eclipse.titanium.refactoring/src/org/eclipse/titanium/refactoring/function/ExtractToFunctionWizardParamsPage.java,75,111,https://github.com/eclipse/titan.EclipsePlug-ins/blob/92bae808bfd4757c9a2f7cc0e59cd17ad801394c/org.eclipse.titanium.refactoring/src/org/eclipse/titanium/refactoring/function/ExtractToFunctionWizardParamsPage.java/#L75-L111,org.eclipse.titanium.refactoring.function.ExtractToFunctionWizardParamsPage#createColumns Composite
MLCQ,Java,Long Method,1,mlcq_7030257,3,0.667,git@github.com:linkedin/ambry.git,1d2e455556058b83f5145740b7f2c5772fa37e1b,/ambry-network/src/main/java/com.github.ambry.network/SocketServer.java,67,82,https://github.com/linkedin/ambry/blob/1d2e455556058b83f5145740b7f2c5772fa37e1b/ambry-network/src/main/java/com.github.ambry.network/SocketServer.java/#L67-L82,com.github.ambry.network.SocketServer.SocketServer NetworkConfig|SSLConfig|MetricRegistry|ArrayList<Port>
MLCQ,Java,Long Method,1,mlcq_8791597,4,1.0,git@github.com:apache/airavata.git,391843a00eefa7b6213e845f2f044b4e042894d5,/modules/registry/registry-server/registry-api-service/src/main/java/org/apache/airavata/registry/api/service/handler/RegistryServerHandler.java,3124,3178,https://github.com/apache/airavata/blob/391843a00eefa7b6213e845f2f044b4e042894d5/modules/registry/registry-server/registry-api-service/src/main/java/org/apache/airavata/registry/api/service/handler/RegistryServerHandler.java/#L3124-L3178,org.apache.airavata.registry.api.service.handler.RegistryServerHandler#updateExperiment String|ExperimentModel
MLCQ,Java,Long Method,1,mlcq_9301710,3,0.667,git@github.com:SAP/SapMachine.git,6e62561730c46dc5000c39665c43951832192ceb,/src/jdk.compiler/share/classes/com/sun/tools/javac/comp/Lower.java,1457,1477,https://github.com/SAP/SapMachine/blob/6e62561730c46dc5000c39665c43951832192ceb/src/jdk.compiler/share/classes/com/sun/tools/javac/comp/Lower.java/#L1457-L1477,com.sun.tools.javac.comp.Lower#freevarDefs int|List<VarSymbol>|Symbol|long
MLCQ,Java,Long Method,1,mlcq_9426716,3,1.0,git@github.com:SAP/SapMachine.git,6e62561730c46dc5000c39665c43951832192ceb,/src/java.base/share/classes/jdk/internal/reflect/UnsafeIntegerFieldAccessorImpl.java,72,99,https://github.com/SAP/SapMachine/blob/6e62561730c46dc5000c39665c43951832192ceb/src/java.base/share/classes/jdk/internal/reflect/UnsafeIntegerFieldAccessorImpl.java/#L72-L99,jdk.internal.reflect.UnsafeIntegerFieldAccessorImpl#set Object|Object
MLCQ,Java,Long Method,1,mlcq_4426200,3,1.0,git@github.com:apache/eagle.git,7ac9421c2c27d12ae88f001866b4444310fcaa3f,/eagle-jpm/eagle-jpm-spark-history/src/main/java/org/apache/eagle/jpm/spark/history/status/JobHistoryZKStateManager.java,103,133,https://github.com/apache/eagle/blob/7ac9421c2c27d12ae88f001866b4444310fcaa3f/eagle-jpm/eagle-jpm-spark-history/src/main/java/org/apache/eagle/jpm/spark/history/status/JobHistoryZKStateManager.java/#L103-L133,org.apache.eagle.jpm.spark.history.status.JobHistoryZKStateManager#resetApplications
MLCQ,Java,Long Method,1,mlcq_7588956,3,1.0,git@github.com:spring-projects/spring-framework.git,3a0f309e2c9fdbbf7fb2d348be861528177f8555,/spring-webmvc/src/main/java/org/springframework/web/servlet/support/BindStatus.java,96,169,https://github.com/spring-projects/spring-framework/blob/3a0f309e2c9fdbbf7fb2d348be861528177f8555/spring-webmvc/src/main/java/org/springframework/web/servlet/support/BindStatus.java/#L96-L169,org.springframework.web.servlet.support.BindStatus.BindStatus RequestContext|String|boolean
MLCQ,Java,Long Method,1,mlcq_8685299,3,1.0,git@github.com:apache/ofbiz.git,7ba7f3c2e16df6c8db0d8114e124957199cea1ff,/applications/party/src/main/java/org/apache/ofbiz/party/contact/ContactMechWorker.java,129,198,https://github.com/apache/ofbiz/blob/7ba7f3c2e16df6c8db0d8114e124957199cea1ff/applications/party/src/main/java/org/apache/ofbiz/party/contact/ContactMechWorker.java/#L129-L198,org.apache.ofbiz.party.contact.ContactMechWorker.getFacilityContactMechValueMaps Delegator|String|boolean|String
MLCQ,Java,Long Method,1,mlcq_4602827,2,1.0,git@github.com:apache/giraph.git,d3bf4a2cf5347f7cfd9d217b216c906cb7801217,/giraph-rexster/giraph-rexster-io/src/main/java/org/apache/giraph/rexster/io/RexsterEdgeOutputFormat.java,167,198,https://github.com/apache/giraph/blob/d3bf4a2cf5347f7cfd9d217b216c906cb7801217/giraph-rexster/giraph-rexster-io/src/main/java/org/apache/giraph/rexster/io/RexsterEdgeOutputFormat.java/#L167-L198,"org.apache.giraph.rexster.io.RexsterEdgeOutputFormat.RexsterEdgeWriter#writeEdge I|V|Edge<I, E>"
MLCQ,Java,Long Method,1,mlcq_7356984,3,1.0,git@github.com:Microsoft/team-explorer-everywhere.git,89ab2a4847aec8ec2afdf36c3f6287dd03bd558d,/source/com.microsoft.tfs.core/src/com/microsoft/tfs/core/util/TSWAHyperlinkBuilder.java,518,559,https://github.com/Microsoft/team-explorer-everywhere/blob/89ab2a4847aec8ec2afdf36c3f6287dd03bd558d/source/com.microsoft.tfs.core/src/com/microsoft/tfs/core/util/TSWAHyperlinkBuilder.java/#L518-L559,com.microsoft.tfs.core.util.TSWAHyperlinkBuilder#formatQueryString String|String[]
MLCQ,Java,Long Method,1,mlcq_4576061,4,0.75,git@github.com:apache/fop.git,caced35327f6b6d6eeac2a13543f3c458e902101,/fop-core/src/main/java/org/apache/fop/fo/flow/Leader.java,72,106,https://github.com/apache/fop/blob/caced35327f6b6d6eeac2a13543f3c458e902101/fop-core/src/main/java/org/apache/fop/fo/flow/Leader.java/#L72-L106,org.apache.fop.fo.flow.Leader#bind PropertyList
MLCQ,Java,Long Method,1,mlcq_5743113,3,1.0,git@github.com:apache/tajo.git,fb326195083959014c82c10187cb46de91ece33f,/tajo-thirdparty/asm/src/main/java/org/apache/tajo/org/objectweb/asm/MethodWriter.java,2145,2559,https://github.com/apache/tajo/blob/fb326195083959014c82c10187cb46de91ece33f/tajo-thirdparty/asm/src/main/java/org/apache/tajo/org/objectweb/asm/MethodWriter.java/#L2145-L2559,org.apache.tajo.org.objectweb.asm.MethodWriter#resizeInstructions
MLCQ,Java,Long Method,1,mlcq_7730792,3,1.0,git@github.com:apache/incubator-brooklyn.git,337a5d22d5e9c98cc96ea1085383cbed1ee0b741,/brooklyn-server/core/src/main/java/org/apache/brooklyn/util/core/task/BasicTask.java,437,462,https://github.com/apache/incubator-brooklyn/blob/337a5d22d5e9c98cc96ea1085383cbed1ee0b741/brooklyn-server/core/src/main/java/org/apache/brooklyn/util/core/task/BasicTask.java/#L437-L462,org.apache.brooklyn.util.core.task.BasicTask#get Duration
MLCQ,Java,Long Method,1,mlcq_6430791,3,0.667,git@github.com:eclipse/milo.git,e752e540d31eb3c226e6e79dd197c54d7d254685,/milo-examples/server-examples/src/main/java/org/eclipse/milo/examples/server/ExampleNamespace.java,503,535,https://github.com/eclipse/milo/blob/e752e540d31eb3c226e6e79dd197c54d7d254685/milo-examples/server-examples/src/main/java/org/eclipse/milo/examples/server/ExampleNamespace.java/#L503-L535,org.eclipse.milo.examples.server.ExampleNamespace#addDataAccessNodes UaFolderNode
MLCQ,Java,Long Method,1,mlcq_9150816,2,1.0,git@github.com:eclipse/birt.git,f89264810347de98702db45386a822aabc0fadbf,/UI/org.eclipse.birt.report.designer.ui.views/src/org/eclipse/birt/report/designer/internal/ui/views/attributes/page/VariablePage.java,32,74,https://github.com/eclipse/birt/blob/f89264810347de98702db45386a822aabc0fadbf/UI/org.eclipse.birt.report.designer.ui.views/src/org/eclipse/birt/report/designer/internal/ui/views/attributes/page/VariablePage.java/#L32-L74,org.eclipse.birt.report.designer.internal.ui.views.attributes.page.VariablePage#buildContent
MLCQ,Java,Long Method,1,mlcq_7949921,3,1.0,git@github.com:eclipse/titan.EclipsePlug-ins.git,92bae808bfd4757c9a2f7cc0e59cd17ad801394c,/org.eclipse.titan.executor/src/org/eclipse/titan/executor/executors/mctr/cli/CliExecutor.java,670,727,https://github.com/eclipse/titan.EclipsePlug-ins/blob/92bae808bfd4757c9a2f7cc0e59cd17ad801394c/org.eclipse.titan.executor/src/org/eclipse/titan/executor/executors/mctr/cli/CliExecutor.java/#L670-L727,org.eclipse.titan.executor.executors.mctr.cli.CliExecutor#processInfoOutput BufferedReader
MLCQ,Java,Long Method,1,mlcq_7056882,3,1.0,git@github.com:google/sagetv.git,a35e3a450b4c0134cb097b9e7de76dca08eb6654,/java/sage/LinuxUtils.java,51,108,https://github.com/google/sagetv/blob/a35e3a450b4c0134cb097b9e7de76dca08eb6654/java/sage/LinuxUtils.java/#L51-L108,sage.LinuxUtils.reconfigureNetworking
MLCQ,Java,Long Method,1,mlcq_7092657,3,1.0,git@github.com:google/j2objc.git,471504a735b48d5d4ace51afa1542cc4790a921a,/xalan/third_party/android/platform/external/apache-xml/src/main/java/org/apache/xml/dtm/ref/sax2dtm/SAX2DTM2.java,1658,1719,https://github.com/google/j2objc/blob/471504a735b48d5d4ace51afa1542cc4790a921a/xalan/third_party/android/platform/external/apache-xml/src/main/java/org/apache/xml/dtm/ref/sax2dtm/SAX2DTM2.java/#L1658-L1719,org.apache.xml.dtm.ref.sax2dtm.SAX2DTM2.TypedDescendantIterator#next
MLCQ,Java,Long Method,1,mlcq_5355489,3,1.0,git@github.com:apache/nifi.git,c8eff590efa3babcda0b755009224dcac168708b,/nifi-nar-bundles/nifi-media-bundle/nifi-media-processors/src/main/java/org/apache/nifi/processors/media/ExtractMediaMetadata.java,210,255,https://github.com/apache/nifi/blob/c8eff590efa3babcda0b755009224dcac168708b/nifi-nar-bundles/nifi-media-bundle/nifi-media-processors/src/main/java/org/apache/nifi/processors/media/ExtractMediaMetadata.java/#L210-L255,org.apache.nifi.processors.media.ExtractMediaMetadata#tika_parse InputStream|String|Integer|Integer
MLCQ,Java,Long Method,1,mlcq_4470846,4,0.75,git@github.com:apache/drill.git,5e2251a9fd659b81ebfcd6702ee4ee16b3f7b6b3,/exec/java-exec/src/main/java/org/apache/drill/exec/physical/rowSet/project/RequestedTupleImpl.java,260,291,https://github.com/apache/drill/blob/5e2251a9fd659b81ebfcd6702ee4ee16b3f7b6b3/exec/java-exec/src/main/java/org/apache/drill/exec/physical/rowSet/project/RequestedTupleImpl.java/#L260-L291,org.apache.drill.exec.physical.rowSet.project.RequestedTupleImpl#parseArray NameSegment
MLCQ,Java,Long Method,1,mlcq_9046923,3,0.667,git@github.com:eclipse/eclipse.jdt.core.git,24d47c292ed4bd8fdc28b3c2f9afdab1401d025c,/org.eclipse.jdt.core.tests.compiler/src/org/eclipse/jdt/core/tests/compiler/regression/GenericsRegressionTest_1_8.java,2043,2082,https://github.com/eclipse/eclipse.jdt.core/blob/24d47c292ed4bd8fdc28b3c2f9afdab1401d025c/org.eclipse.jdt.core.tests.compiler/src/org/eclipse/jdt/core/tests/compiler/regression/GenericsRegressionTest_1_8.java/#L2043-L2082,org.eclipse.jdt.core.tests.compiler.regression.GenericsRegressionTest_1_8#testBug427626
MLCQ,Java,Long Method,1,mlcq_9049868,2,1.0,git@github.com:eclipse/eclipse.jdt.core.git,24d47c292ed4bd8fdc28b3c2f9afdab1401d025c,/org.eclipse.jdt.core.tests.performance/src/org/eclipse/jdt/core/tests/performance/FullSourceWorkspaceFormatterTests.java,135,162,https://github.com/eclipse/eclipse.jdt.core/blob/24d47c292ed4bd8fdc28b3c2f9afdab1401d025c/org.eclipse.jdt.core.tests.performance/src/org/eclipse/jdt/core/tests/performance/FullSourceWorkspaceFormatterTests.java/#L135-L162,org.eclipse.jdt.core.tests.performance.FullSourceWorkspaceFormatterTests#testFormatDefaultBigFile
MLCQ,Java,Long Method,1,mlcq_8348990,2,1.0,git@github.com:eclipse/org.aspectj.git,370f291c359cd159c5f3f0abd6e9e53e81234a07,/weaver/src/main/java/org/aspectj/weaver/bcel/AtAjAttributes.java,526,584,https://github.com/eclipse/org.aspectj/blob/370f291c359cd159c5f3f0abd6e9e53e81234a07/weaver/src/main/java/org/aspectj/weaver/bcel/AtAjAttributes.java/#L526-L584,org.aspectj.weaver.bcel.AtAjAttributes.handleAspectAnnotation RuntimeAnnos|AjAttributeStruct
MLCQ,Java,Long Method,1,mlcq_9000671,3,1.0,git@github.com:apache/lucene-solr.git,bca22d58e2d126ec6d349d375d3ea028892104e1,/lucene/codecs/src/java/org/apache/lucene/codecs/blocktreeords/OrdsSegmentTermsEnum.java,174,208,https://github.com/apache/lucene-solr/blob/bca22d58e2d126ec6d349d375d3ea028892104e1/lucene/codecs/src/java/org/apache/lucene/codecs/blocktreeords/OrdsSegmentTermsEnum.java/#L174-L208,org.apache.lucene.codecs.blocktreeords.OrdsSegmentTermsEnum#pushFrame FST.Arc<Output>|long|int|long
MLCQ,Java,Long Method,1,mlcq_8934300,4,1.0,git@github.com:apache/hive.git,2fa22bf360898dc8fd1408bfcc96e1c6aeaf9a53,/ql/src/java/org/apache/hadoop/hive/ql/optimizer/calcite/cost/HiveOnTezCostModel.java,414,464,https://github.com/apache/hive/blob/2fa22bf360898dc8fd1408bfcc96e1c6aeaf9a53/ql/src/java/org/apache/hadoop/hive/ql/optimizer/calcite/cost/HiveOnTezCostModel.java/#L414-L464,org.apache.hadoop.hive.ql.optimizer.calcite.cost.HiveOnTezCostModel.TezBucketJoinAlgorithm#getCost HiveJoin
MLCQ,Java,Long Method,1,mlcq_4095482,4,0.75,git@github.com:apache/asterixdb.git,223d13a06c4a4a58408aeac19674ac1f36f5ff35,/hyracks-fullstack/hyracks/hyracks-dataflow-std/src/main/java/org/apache/hyracks/dataflow/std/join/NestedLoopJoin.java,60,97,https://github.com/apache/asterixdb/blob/223d13a06c4a4a58408aeac19674ac1f36f5ff35/hyracks-fullstack/hyracks/hyracks-dataflow-std/src/main/java/org/apache/hyracks/dataflow/std/join/NestedLoopJoin.java/#L60-L97,org.apache.hyracks.dataflow.std.join.NestedLoopJoin.NestedLoopJoin IHyracksTaskContext|FrameTupleAccessor|FrameTupleAccessor|ITuplePairComparator|int|IPredicateEvaluator|boolean|IMissingWriter[]
MLCQ,Java,Long Method,1,mlcq_9078577,2,1.0,git@github.com:eclipse/eclipse.jdt.core.git,24d47c292ed4bd8fdc28b3c2f9afdab1401d025c,/org.eclipse.jdt.compiler.apt/src/org/eclipse/jdt/internal/compiler/apt/util/EclipseFileManager.java,324,342,https://github.com/eclipse/eclipse.jdt.core/blob/24d47c292ed4bd8fdc28b3c2f9afdab1401d025c/org.eclipse.jdt.compiler.apt/src/org/eclipse/jdt/internal/compiler/apt/util/EclipseFileManager.java/#L324-L342,org.eclipse.jdt.internal.compiler.apt.util.EclipseFileManager#getDefaultClasspath
MLCQ,Java,Long Method,1,mlcq_4549169,4,0.75,git@github.com:apache/fineract.git,210e380df3ca5c74c8c2fa09e7fe1cffdb87e20a,/fineract-provider/src/main/java/org/apache/fineract/portfolio/savings/data/DepositProductDataValidator.java,413,547,https://github.com/apache/fineract/blob/210e380df3ca5c74c8c2fa09e7fe1cffdb87e20a/fineract-provider/src/main/java/org/apache/fineract/portfolio/savings/data/DepositProductDataValidator.java/#L413-L547,org.apache.fineract.portfolio.savings.data.DepositProductDataValidator#validateDepositDetailForUpdate JsonElement|FromJsonHelper|DataValidatorBuilder
MLCQ,Java,Long Method,1,mlcq_8030414,3,0.667,git@github.com:eclipse/xtext-eclipse.git,0c7546b6aaf3644a77fc68eef9f3da368cbbeabd,/org.eclipse.xtext.xtext.ui.examples/projects/domainmodel/org.eclipse.xtext.example.domainmodel.ide/src-gen/org/eclipse/xtext/example/domainmodel/ide/contentassist/antlr/internal/InternalDomainmodelParser.java,62002,62027,https://github.com/eclipse/xtext-eclipse/blob/0c7546b6aaf3644a77fc68eef9f3da368cbbeabd/org.eclipse.xtext.xtext.ui.examples/projects/domainmodel/org.eclipse.xtext.example.domainmodel.ide/src-gen/org/eclipse/xtext/example/domainmodel/ide/contentassist/antlr/internal/InternalDomainmodelParser.java/#L62002-L62027,org.eclipse.xtext.example.domainmodel.ide.contentassist.antlr.internal.InternalDomainmodelParser.DFA102#specialStateTransition int|IntStream
MLCQ,Java,Long Method,1,mlcq_6624215,3,1.0,git@github.com:Esri/arcgis-runtime-samples-java.git,c7a0b309586495ff9cc9dbed129e411943547793,/src/main/java/com/esri/samples/featurelayers/feature_layer_rendering_mode_map/FeatureLayerRenderingModeMapSample.java,45,114,https://github.com/Esri/arcgis-runtime-samples-java/blob/c7a0b309586495ff9cc9dbed129e411943547793/src/main/java/com/esri/samples/featurelayers/feature_layer_rendering_mode_map/FeatureLayerRenderingModeMapSample.java/#L45-L114,com.esri.samples.featurelayers.feature_layer_rendering_mode_map.FeatureLayerRenderingModeMapSample#start Stage
MLCQ,Java,Long Method,0,mlcq_8969767,1,0.0,git@github.com:apache/lucene-solr.git,bca22d58e2d126ec6d349d375d3ea028892104e1,/lucene/test-framework/src/java/org/apache/lucene/index/BaseNormsFormatTestCase.java,716,747,https://github.com/apache/lucene-solr/blob/bca22d58e2d126ec6d349d375d3ea028892104e1/lucene/test-framework/src/java/org/apache/lucene/index/BaseNormsFormatTestCase.java/#L716-L747,org.apache.lucene.index.BaseNormsFormatTestCase#testIndependantIterators
MLCQ,Java,Long Method,0,mlcq_4045122,1,0.0,git@github.com:apache/asterixdb.git,223d13a06c4a4a58408aeac19674ac1f36f5ff35,/hyracks-fullstack/hyracks/hyracks-dataflow-common/src/main/java/org/apache/hyracks/dataflow/common/utils/SerdeUtils.java,54,61,https://github.com/apache/asterixdb/blob/223d13a06c4a4a58408aeac19674ac1f36f5ff35/hyracks-fullstack/hyracks/hyracks-dataflow-common/src/main/java/org/apache/hyracks/dataflow/common/utils/SerdeUtils.java/#L54-L61,org.apache.hyracks.dataflow.common.utils.SerdeUtils.serdesToTypeTraits ISerializerDeserializer[]|int
MLCQ,Java,Long Method,0,mlcq_6666849,1,0.0,git@github.com:facebook/facebook-java-business-sdk.git,561f1a75e1220b55a160a1b92b0187f72be9cd08,/src/main/java/com/facebook/ads/sdk/AdStudy.java,2581,2585,https://github.com/facebook/facebook-java-business-sdk/blob/561f1a75e1220b55a160a1b92b0187f72be9cd08/src/main/java/com/facebook/ads/sdk/AdStudy.java/#L2581-L2585,com.facebook.ads.sdk.AdStudy.APIRequestUpdate#setParam String|Object
MLCQ,Java,Long Method,0,mlcq_6016779,1,0.0,git@github.com:cloudfoundry/cf-java-client.git,6fabcf647302158b638cf2c44cee389e1df9b964,/cloudfoundry-client/src/main/java/org/cloudfoundry/client/v3/packages/PackageState.java,59,61,https://github.com/cloudfoundry/cf-java-client/blob/6fabcf647302158b638cf2c44cee389e1df9b964/cloudfoundry-client/src/main/java/org/cloudfoundry/client/v3/packages/PackageState.java/#L59-L61,org.cloudfoundry.client.v3.packages..PackageState String
MLCQ,Java,Long Method,0,mlcq_8696357,1,0.0,git@github.com:apache/ofbiz.git,7ba7f3c2e16df6c8db0d8114e124957199cea1ff,/framework/widget/src/main/java/org/apache/ofbiz/widget/model/ModelScreenWidget.java,1588,1600,https://github.com/apache/ofbiz/blob/7ba7f3c2e16df6c8db0d8114e124957199cea1ff/framework/widget/src/main/java/org/apache/ofbiz/widget/model/ModelScreenWidget.java/#L1588-L1600,"org.apache.ofbiz.widget.model.ModelScreenWidget.Menu#getModelMenu Map<String, Object>"
MLCQ,Java,Long Method,0,mlcq_6296681,1,0.0,git@github.com:eclipse/jetty.project.git,65528f76c5ef6ddca11385f9721c8f0bc5f2eed7,/jetty-util/src/main/java/org/eclipse/jetty/util/Callback.java,173,177,https://github.com/eclipse/jetty.project/blob/65528f76c5ef6ddca11385f9721c8f0bc5f2eed7/jetty-util/src/main/java/org/eclipse/jetty/util/Callback.java/#L173-L177,org.eclipse.jetty.util.Callback.Completable#failed Throwable
MLCQ,Java,Long Method,0,mlcq_5824343,1,0.0,git@github.com:apache/uima-ruta.git,08efb111a775b4ba01cf048ac699aa9c22188325,/ruta-core/src/main/java/org/apache/uima/ruta/rule/ComposedRuleElement.java,631,643,https://github.com/apache/uima-ruta/blob/08efb111a775b4ba01cf048ac699aa9c22188325/ruta-core/src/main/java/org/apache/uima/ruta/rule/ComposedRuleElement.java/#L631-L643,org.apache.uima.ruta.rule.ComposedRuleElement#toString
MLCQ,Java,Long Method,0,mlcq_3800392,1,0.0,git@github.com:amzn/exoplayer-amazon-port.git,90cf56092dca07e8752f8f7e063a0b3b98313942,/library/core/src/main/java/com/google/android/exoplayer2/extractor/wav/WavExtractor.java,53,59,https://github.com/amzn/exoplayer-amazon-port/blob/90cf56092dca07e8752f8f7e063a0b3b98313942/library/core/src/main/java/com/google/android/exoplayer2/extractor/wav/WavExtractor.java/#L53-L59,com.google.android.exoplayer2.extractor.wav.WavExtractor#init ExtractorOutput
MLCQ,Java,Long Method,0,mlcq_6300889,1,0.0,git@github.com:eclipse/jetty.project.git,65528f76c5ef6ddca11385f9721c8f0bc5f2eed7,/jetty-websocket/websocket-common/src/main/java/org/eclipse/jetty/websocket/common/WebSocketFrame.java,151,158,https://github.com/eclipse/jetty.project/blob/65528f76c5ef6ddca11385f9721c8f0bc5f2eed7/jetty-websocket/websocket-common/src/main/java/org/eclipse/jetty/websocket/common/WebSocketFrame.java/#L151-L158,org.eclipse.jetty.websocket.common.WebSocketFrame#copyHeaders WebSocketFrame
MLCQ,Java,Long Method,0,mlcq_3722097,1,0.0,git@github.com:alibaba/atlas.git,e8c7b3f1ff14b2a1df64321c6992b796cae7d732,/atlas-core/src/main/java/android/taobao/atlas/runtime/newcomponent/IntentResolver.java,461,489,https://github.com/alibaba/atlas/blob/e8c7b3f1ff14b2a1df64321c6992b796cae7d732/atlas-core/src/main/java/android/taobao/atlas/runtime/newcomponent/IntentResolver.java/#L461-L489,android.taobao.atlas.runtime.newcomponent.IntentResolver#register_mime_types F|String
MLCQ,Java,Long Method,0,mlcq_7097449,1,0.0,git@github.com:google/j2objc.git,471504a735b48d5d4ace51afa1542cc4790a921a,/jre_emul/android/platform/libcore/ojluni/src/main/java/java/util/Hashtable.java,281,283,https://github.com/google/j2objc/blob/471504a735b48d5d4ace51afa1542cc4790a921a/jre_emul/android/platform/libcore/ojluni/src/main/java/java/util/Hashtable.java/#L281-L283,java.util.Hashtable#elements
MLCQ,Java,Long Method,0,mlcq_9258251,1,0.0,git@github.com:SAP/SapMachine.git,6e62561730c46dc5000c39665c43951832192ceb,/src/java.desktop/share/classes/javax/swing/Popup.java,102,109,https://github.com/SAP/SapMachine/blob/6e62561730c46dc5000c39665c43951832192ceb/src/java.desktop/share/classes/javax/swing/Popup.java/#L102-L109,javax.swing.Popup#show
MLCQ,Java,Long Method,0,mlcq_4456439,1,0.0,git@github.com:apache/drill.git,5e2251a9fd659b81ebfcd6702ee4ee16b3f7b6b3,/exec/java-exec/src/main/java/org/apache/drill/exec/vector/complex/fn/JsonReader.java,136,139,https://github.com/apache/drill/blob/5e2251a9fd659b81ebfcd6702ee4ee16b3f7b6b3/exec/java-exec/src/main/java/org/apache/drill/exec/vector/complex/fn/JsonReader.java/#L136-L139,org.apache.drill.exec.vector.complex.fn.JsonReader.Builder#defaultSchemaPathColumns
MLCQ,Java,Long Method,0,mlcq_9037421,1,0.0,git@github.com:eclipse/eclipse.jdt.core.git,24d47c292ed4bd8fdc28b3c2f9afdab1401d025c,/org.eclipse.jdt.core/search/org/eclipse/jdt/internal/core/nd/db/Database.java,1606,1611,https://github.com/eclipse/eclipse.jdt.core/blob/24d47c292ed4bd8fdc28b3c2f9afdab1401d025c/org.eclipse.jdt.core/search/org/eclipse/jdt/internal/core/nd/db/Database.java/#L1606-L1611,org.eclipse.jdt.internal.core.nd.db.Database#chunkDirtied Chunk
MLCQ,Java,Long Method,0,mlcq_7386739,1,0.0,git@github.com:spring-projects/spring-boot.git,2225b362991f225e3a93f00e160526d2b8abdfb2,/spring-boot-project/spring-boot/src/main/java/org/springframework/boot/context/properties/bind/JavaBeanBinder.java,139,143,https://github.com/spring-projects/spring-boot/blob/2225b362991f225e3a93f00e160526d2b8abdfb2/spring-boot-project/spring-boot/src/main/java/org/springframework/boot/context/properties/bind/JavaBeanBinder.java/#L139-L143,org.springframework.boot.context.properties.bind.JavaBeanBinder.Bean#addMethod Method
MLCQ,Java,Long Method,0,mlcq_9414619,1,0.0,git@github.com:SAP/SapMachine.git,6e62561730c46dc5000c39665c43951832192ceb,/src/jdk.scripting.nashorn/share/classes/jdk/nashorn/internal/runtime/CompiledFunction.java,645,662,https://github.com/SAP/SapMachine/blob/6e62561730c46dc5000c39665c43951832192ceb/src/jdk.scripting.nashorn/share/classes/jdk/nashorn/internal/runtime/CompiledFunction.java/#L645-L662,jdk.nashorn.internal.runtime.CompiledFunction.relinkComposableInvoker CallSite|CompiledFunction|boolean
MLCQ,Java,Long Method,0,mlcq_7332512,1,0.0,git@github.com:Microsoft/team-explorer-everywhere.git,89ab2a4847aec8ec2afdf36c3f6287dd03bd558d,/source/com.microsoft.tfs.client.common.ui.teambuild/src/com/microsoft/tfs/client/common/ui/teambuild/teamexplorer/sections/TeamExplorerBuildsVNextDefinitionSection.java,247,255,https://github.com/Microsoft/team-explorer-everywhere/blob/89ab2a4847aec8ec2afdf36c3f6287dd03bd558d/source/com.microsoft.tfs.client.common.ui.teambuild/src/com/microsoft/tfs/client/common/ui/teambuild/teamexplorer/sections/TeamExplorerBuildsVNextDefinitionSection.java/#L247-L255,com.microsoft.tfs.client.common.ui.teambuild.teamexplorer.sections.TeamExplorerBuildsVNextDefinitionSection.BuildDefinitionsLabelProvider#getColumnImage Object|int
MLCQ,Java,Long Method,0,mlcq_7628568,1,0.0,git@github.com:spring-projects/spring-ide.git,915fe9bffd50db45ee0b8fb993416e45dee68179,/plugins/org.springframework.ide.eclipse.boot.wizard/src/org/springframework/ide/eclipse/boot/wizard/guides/ChooseOneSectionTable.java,69,83,https://github.com/spring-projects/spring-ide/blob/915fe9bffd50db45ee0b8fb993416e45dee68179/plugins/org.springframework.ide.eclipse.boot.wizard/src/org/springframework/ide/eclipse/boot/wizard/guides/ChooseOneSectionTable.java/#L69-L83,org.springframework.ide.eclipse.boot.wizard.guides.ChooseOneSectionTable.ChoicesFilter#select Viewer|Object|Object
MLCQ,Java,Long Method,0,mlcq_7451785,1,0.0,git@github.com:oracle/graal.git,4deb681aaaa79c248115037fc8e399c9876619fd,/regex/src/com.oracle.truffle.regex/src/com/oracle/truffle/regex/RegexOptions.java,216,219,https://github.com/oracle/graal/blob/4deb681aaaa79c248115037fc8e399c9876619fd/regex/src/com.oracle.truffle.regex/src/com/oracle/truffle/regex/RegexOptions.java/#L216-L219,com.oracle.truffle.regex.RegexOptions.Builder.Builder
MLCQ,Java,Long Method,0,mlcq_7375322,1,0.0,git@github.com:spring-projects/spring-boot.git,2225b362991f225e3a93f00e160526d2b8abdfb2,/spring-boot-project/spring-boot-autoconfigure/src/main/java/org/springframework/boot/autoconfigure/amqp/RabbitAutoConfiguration.java,211,216,https://github.com/spring-projects/spring-boot/blob/2225b362991f225e3a93f00e160526d2b8abdfb2/spring-boot-project/spring-boot-autoconfigure/src/main/java/org/springframework/boot/autoconfigure/amqp/RabbitAutoConfiguration.java/#L211-L216,org.springframework.boot.autoconfigure.amqp.RabbitAutoConfiguration.MessagingTemplateConfiguration#rabbitMessagingTemplate RabbitTemplate
MLCQ,Java,Long Method,0,mlcq_3790421,1,0.0,git@github.com:amzn/exoplayer-amazon-port.git,90cf56092dca07e8752f8f7e063a0b3b98313942,/library/core/src/main/java/com/google/android/exoplayer2/source/AbstractConcatenatedTimeline.java,244,251,https://github.com/amzn/exoplayer-amazon-port/blob/90cf56092dca07e8752f8f7e063a0b3b98313942/library/core/src/main/java/com/google/android/exoplayer2/source/AbstractConcatenatedTimeline.java/#L244-L251,com.google.android.exoplayer2.source.AbstractConcatenatedTimeline#getUidOfPeriod int
MLCQ,Java,Long Method,0,mlcq_8145522,1,0.0,git@github.com:eclipse/xtext-core.git,e04964e4c2a3e0338c0079bd8333688835e77c31,/org.eclipse.xtext.xtext.wizard/xtend-gen/org/eclipse/xtext/xtext/wizard/WizardConfiguration.java,114,116,https://github.com/eclipse/xtext-core/blob/e04964e4c2a3e0338c0079bd8333688835e77c31/org.eclipse.xtext.xtext.wizard/xtend-gen/org/eclipse/xtext/xtext/wizard/WizardConfiguration.java/#L114-L116,org.eclipse.xtext.xtext.wizard.WizardConfiguration#needsTychoBuild
MLCQ,Java,Long Method,0,mlcq_6729098,2,0.0,git@github.com:eclipse/webtools.sourceediting.git,fe6d03fa6ca31c9e5ebeba67b32f14d14335657d,/xml/bundles/org.eclipse.wst.xsd.ui/src-adt-xsd/org/eclipse/wst/xsd/ui/internal/adapters/XSDWildcardAdapter.java,46,66,https://github.com/eclipse/webtools.sourceediting/blob/fe6d03fa6ca31c9e5ebeba67b32f14d14335657d/xml/bundles/org.eclipse.wst.xsd.ui/src-adt-xsd/org/eclipse/wst/xsd/ui/internal/adapters/XSDWildcardAdapter.java/#L46-L66,org.eclipse.wst.xsd.ui.internal.adapters.XSDWildcardAdapter#getImage
MLCQ,Java,Long Method,0,mlcq_6933417,1,0.0,git@github.com:google/gdata-java-client.git,c6202a55f5f29afb37ffcf876674dca372f3fb4c,/java/src/com/google/gdata/data/photos/GphotoStarred.java,151,156,https://github.com/google/gdata-java-client/blob/c6202a55f5f29afb37ffcf876674dca372f3fb4c/java/src/com/google/gdata/data/photos/GphotoStarred.java/#L151-L156,com.google.gdata.data.photos.GphotoStarred#consumeAttributes AttributeHelper
MLCQ,Java,Long Method,0,mlcq_7926125,1,0.0,git@github.com:eclipse/bpmn2-modeler.git,fce8426d782272ee848251d954c98091bea0631c,/plugins/org.eclipse.bpmn2.modeler.ui/src/org/eclipse/bpmn2/modeler/ui/features/flow/AssociationFeatureContainer.java,384,402,https://github.com/eclipse/bpmn2-modeler/blob/fce8426d782272ee848251d954c98091bea0631c/plugins/org.eclipse.bpmn2.modeler.ui/src/org/eclipse/bpmn2/modeler/ui/features/flow/AssociationFeatureContainer.java/#L384-L402,org.eclipse.bpmn2.modeler.ui.features.flow.AssociationFeatureContainer.UpdateAssociationFeature#updateNeeded IUpdateContext
MLCQ,Java,Long Method,0,mlcq_7787982,1,0.0,git@github.com:apache/wicket.git,c2d344219ef8046508ca40653c9de485b3cbd4c4,/wicket-core/src/main/java/org/apache/wicket/util/tester/WicketTesterHelper.java,234,241,https://github.com/apache/wicket/blob/c2d344219ef8046508ca40653c9de485b3cbd4c4/wicket-core/src/main/java/org/apache/wicket/util/tester/WicketTesterHelper.java/#L234-L241,org.apache.wicket.util.tester.WicketTesterHelper.findBehavior Component|Class<? extends Behavior>
MLCQ,Java,Long Method,0,mlcq_4402431,3,0.0,git@github.com:apache/cxf.git,6bf89e9c8804c8845ec4d38583dd33eea8256439,/rt/rs/security/jose-parent/jose/src/main/java/org/apache/cxf/rs/security/jose/jwk/JwkUtils.java,448,469,https://github.com/apache/cxf/blob/6bf89e9c8804c8845ec4d38583dd33eea8256439/rt/rs/security/jose-parent/jose/src/main/java/org/apache/cxf/rs/security/jose/jwk/JwkUtils.java/#L448-L469,org.apache.cxf.rs.security.jose.jwk.JwkUtils.fromRSAPrivateKey RSAPrivateKey|String|String
MLCQ,Java,Long Method,0,mlcq_8212082,1,0.0,git@github.com:spring-projects/spring-framework-issues.git,ada8e40099454d41f4b83eb858462cc99ae29734,/SPR-9209/src/main/java/spr9209/WebController.java,26,30,https://github.com/spring-projects/spring-framework-issues/blob/ada8e40099454d41f4b83eb858462cc99ae29734/SPR-9209/src/main/java/spr9209/WebController.java/#L26-L30,spr9209.WebController#ping
MLCQ,Java,Long Method,0,mlcq_8702258,1,0.0,git@github.com:eclipse/eclipse.platform.swt.git,bf870e8ff7e54069e96e5c9a74dc84d49a444484,/bundles/org.eclipse.swt/Eclipse SWT/cocoa/org/eclipse/swt/widgets/Table.java,2287,2314,https://github.com/eclipse/eclipse.platform.swt/blob/bf870e8ff7e54069e96e5c9a74dc84d49a444484/bundles/org.eclipse.swt/Eclipse SWT/cocoa/org/eclipse/swt/widgets/Table.java/#L2287-L2314,org.eclipse.swt.widgets.Table#remove int[]
MLCQ,Java,Long Method,0,mlcq_4338632,1,0.0,git@github.com:apache/directory-server.git,310007cc1c7eb5415f93bed67d5553bc70980820,/interceptors/normalization/src/main/java/org/apache/directory/server/core/normalization/ExpandingVisitor.java,70,74,https://github.com/apache/directory-server/blob/310007cc1c7eb5415f93bed67d5553bc70980820/interceptors/normalization/src/main/java/org/apache/directory/server/core/normalization/ExpandingVisitor.java/#L70-L74,org.apache.directory.server.core.normalization.ExpandingVisitor#canVisit ExprNode
