source,language,smell,label,sample_id,csv_data_row_0based,project,file,code_sha256
SmellyCode++,Java,Long Method,1,scpp_row89627,89627,cxf,services.ws-discovery.ws-discovery-api.src.main.org.apache.cxf.ws.discovery.internal.wsdiscoveryserviceimpl,43dc0646a25870bc0f2901dd9366a44d3d57767de194f6b644eac1503bbf0492
SmellyCode++,Java,Long Method,1,scpp_row36844,36844,hadoop,hadoop-hdfs-project.hadoop-hdfs.src.test.org.apache.hadoop.hdfs.server.blockmanagement.testdatanodemanager,d3f04d931b6968ed5af8ea6975124dacff4d14936e4d56056f2714469850a5de
SmellyCode++,Java,Long Method,1,scpp_row6906,6906,ofbiz,applications.content.src.org.ofbiz.content.content.uploadcontentandimage,2aee3616965f961ed0fcf176acae3adbb9fa0287445b2ee798b4be6e9d3324d1
SmellyCode++,Java,Long Method,1,scpp_row61309,61309,tomcat,modules.jdbc-pool.src.test.org.apache.tomcat.jdbc.test.fairnesstest,6628406e6df3e45bb310645430f99ad3630fd8d7538bd3c6535b1585cbcb3faf
SmellyCode++,Java,Long Method,1,scpp_row103909,103909,cxf,toolsto.ws.src.main.org.apache.cxf.tools2wsdl.generator.wsdl11.annotator.wrapperbeanfieldannotator,c789cd0911ad372decabf2b12b6d091d1970a3c0a5b6750d171c47446a3ac1d9
SmellyCode++,Java,Long Method,1,scpp_row31822,31822,ofbiz,framework.common.src.org.ofbiz.common.ftpservices,02ab1546fa7142f5ea296ae29f6888ac4b357ef920bcc8e7bd59e17d8597a92b
SmellyCode++,Java,Long Method,1,scpp_row100922,100922,accumulo,test.src.main.org.apache.accumulo.test.randomwalk.security.tableop,bdc97dcc3ea8b4b434ca8941e9e043b70e4ccf330d28fd7ffc3aa78c31aa6eb6
SmellyCode++,Java,Long Method,1,scpp_row78723,78723,hive,ql.src.org.apache.hadoop.hive.ql.udf.generic.genericudfopnegative,5c07c9da5babee96fdcd5a4a8efbc0d194a8eb29f097f4a6c7333ad0e17523f0
SmellyCode++,Java,Long Method,1,scpp_row34138,34138,giraph,giraph-core.src.main.org.apache.giraph.master.masterthread,9f57424f4eda92609b7b23e59403d12c524fcd3e6134b04ced1462f82a3d995f
SmellyCode++,Java,Long Method,1,scpp_row42933,42933,hbase,hbase-server.src.test.org.apache.hadoop.hbase.regionserver.testresettingcounters,94d0539293b9f7366a232540ba2f5a43a8787c6f8130b28b23fa1af3b8b0cbd8
SmellyCode++,Java,Long Method,1,scpp_row34584,34584,tinkerpop,gremlin-core.src.main.org.apache.tinkerpop.gremlin.process.computer.traversal.workerexecutor,364091fea36fd6c1a2fd309d778e503b4fa39cf6c19685fdf4abc311d1e15a60
SmellyCode++,Java,Long Method,1,scpp_row35571,35571,hadoop,hadoop-common-project.hadoop-common.src.main.org.apache.hadoop.ipc.writablerpcengine,d2501b68ad8ff8202593d9c8f380d937024c573495a75fd1a2e67f666ae1517a
SmellyCode++,Java,Long Method,1,scpp_row94682,94682,nutch,src.plugin.protocol-okhttp.src.org.apache.nutch.protocol.okhttp.okhttp,99e6683719dde0aa25792538acc9c77ac2a1a850427358867bb5ec9b744d51ba
SmellyCode++,Java,Long Method,1,scpp_row13273,13273,jasml,com.jasml.helper,5c4d53bf043ebc130b3f145121df94f6f098744a55e7f52de45e5676048227c0
SmellyCode++,Java,Long Method,1,scpp_row27540,27540,drill,exec-exec.src.main.org.apache.drill.exec.vector.complex.maputility,fd59ed2f484373dac6aeb8c6c83146512e98e03a0c57254a44cc78a9c36ad4db
SmellyCode++,Java,Long Method,1,scpp_row6972,6972,ofbiz,applications.order.src.org.ofbiz.order.quote.quoteservices,18ac83e7a1846c6c8d9fdb20b3b36d813ed06f5c8183ad46d9f0f074a3d44e93
SmellyCode++,Java,Long Method,1,scpp_row57716,57716,olingo-odata,lib.server-tecsvc.src.main.org.apache.olingo.server.tecsvc.provider.entitytypeprovider,f609a4069a7090fa6f84061bc4ed66562cbd19fa6fdd981322254f25a00c008d
SmellyCode++,Java,Long Method,1,scpp_row73850,73850,directory-studio,plugins.schemaeditor.src.main.org.apache.directory.studio.schemaeditor.view.widget.differenceswidgetschemalabelprovider,2cd244fb34ca49c7634e5917d853830ddf73c0d220176354cf42b7087f32d2d3
SmellyCode++,Java,Long Method,1,scpp_row58777,58777,karaf,maven.core.src.main.org.apache.karaf.maven.command.repositoryaddcommand,dfca768a4a7dd9ac0ddbfe7083ba9f4bd81ef8dde9cd5eb0f11ceeab7353662a
SmellyCode++,Java,Long Method,1,scpp_row15886,15886,lucene,contrib.analyzers.src.org.apache.lucene.analysis.cjk.cjktokenizer,f16dff3b7a09d6bc854e1387f5a59c958ee85b947b18abb3bd8e1b84b46ca988
SmellyCode++,Java,Long Method,1,scpp_row92481,92481,commons-math3,src.main.org.apache.commons.math3.analysis.solvers.ridderssolver,f3439cb74c81a597c4825a141cf476e178806edc7544b7aa663eb689a70e5043
SmellyCode++,Java,Long Method,1,scpp_row79938,79938,cxf,rt.bindings.soap.src.main.org.apache.cxf.binding.soap.saaj.saajoutinterceptor,efbf4029e4b9afc665f940a9d911df722eafe1ea7add5355fde4e909b1ac26c1
SmellyCode++,Java,Long Method,1,scpp_row33305,33305,knox,gateway-server.src.main.org.apache.knox.gateway.topology.builder.property.interpreter.providerpropertyinterpreter,022bbc670ab573095a1fa80da6a1a68f8cceeeafb833314fbcdbd069c89d039f
SmellyCode++,Java,Long Method,1,scpp_row90142,90142,cocoon,src.blocks.databases.org.apache.cocoon.acting.databasecookieauthenticatoraction,64c80bf13a79265f63ff55e24452e7f19f341f1ebb16544289e3f46c9c590bd0
SmellyCode++,Java,Long Method,1,scpp_row57133,57133,olingo-odata,lib.client-core.src.main.org.apache.olingo.client.core.edm.xml.clientcsdlentitycontainer,b74f13509515c2d7fb280c0aa8ca5e21994792243296b748dbf473c875bb5511
SmellyCode++,Java,Long Method,1,scpp_row53371,53371,jena,jena-sdb.src.main.org.apache.jena.sdb.sql.tabledump,67908f2b034890e4622b29cb83ec48882e1bbc1ed3847ced3818250bc41ee804
SmellyCode++,Java,Long Method,1,scpp_row2340,2340,activemq,activemq-unit-tests.src.test.org.apache.activemq.demo.simpleconsumer,4d57e164ae4021a36eb00dabed9c671f1b182398f18dddac534e2e00ff5c28bc
SmellyCode++,Java,Long Method,1,scpp_row102375,102375,tez,tez-runtime-library.src.main.org.apache.tez.runtime.library.common.shuffle.orderedgrouped.shufflescheduler,da9ac2a284b3d568810c3c816bee887e64aa8269f17462b6d985a30c5f799896
SmellyCode++,Java,Long Method,1,scpp_row6958,6958,ofbiz,applications.marketing.src.org.ofbiz.sfa.vcard.vcard,3580956dad877461660df091f64b0e6af3fb3eeb7a0889080b97980ad7160d51
SmellyCode++,Java,Long Method,1,scpp_row7033,7033,ofbiz,applications.product.src.org.ofbiz.product.image.scaleimage,33b01c8daee67d733d1dbcdad46e89c281f8f43bd4ee185df85cb527c26719e5
SmellyCode++,Java,Long Method,0,scpp_row42967,42967,hbase,hbase-server.src.test.org.apache.hadoop.hbase.regionserver.testshutdownwhilewalbroken,43b6f5430a63f2bd1e2a38acabbba68055dbb7bb5bd3831535862cd8a1b020ca
SmellyCode++,Java,Long Method,0,scpp_row39739,39739,hbase,hbase-client.src.main.org.apache.hadoop.hbase.client.scannercallable,1622863112cca6aca190cdd4d9af370b6a8c831fe9685b4002ad79e852358fa4
SmellyCode++,Java,Long Method,0,scpp_row100917,100917,accumulo,test.src.main.org.apache.accumulo.test.randomwalk.security.securityfixture,fe75f5e2b4f02504f295d695ae0a781d36a828820a3e73b6dab851638eb9f0b8
SmellyCode++,Java,Long Method,0,scpp_row48995,48995,hive,jdbc.src.org.apache.hadoop.hive.jdbc.hivedatasource,4698e8b7d35611f74f72e2b030d65d24fc65f916539bdc408d6462513842e446
SmellyCode++,Java,Long Method,0,scpp_row90313,90313,cocoon,src.blocks.forms.org.apache.cocoon.forms.datatype.convertor.defaultformatcache,dc86826845ed6f90c328ae9f5e4adc065f63faef5d89b39bdf42810504122c2d
SmellyCode++,Java,Long Method,0,scpp_row50489,50489,jena,jena-arq.src.test.org.apache.jena.sparql.negation.testgraphdeltas,646ebdb4ad80563af60ab6cf7e34955a3691e52d409defba00ead673a296b359
SmellyCode++,Java,Long Method,0,scpp_row65787,65787,nifi,nifi-toolkit.nifi-toolkit-tls.src.test.org.apache.nifi.toolkit.tls.standalone.tlstoolkitstandalonecommandlinetest,bf7175df232be197d984bdb899a40df9140f17b3dcd6f8a49d0530875fe5b41d
SmellyCode++,Java,Long Method,0,scpp_row28366,28366,storm,external.storm-cassandra.src.main.org.apache.storm.cassandra.client.cassandraconf,ecab69dc934377678ca35897845af09a9a11afe1a5edfc702968f2721673e0a9
SmellyCode++,Java,Long Method,0,scpp_row17188,17188,kylin,core-metadata.src.main.org.apache.kylin.metadata.model.partitiondesc,ad98b744e91bd6e9d660695129e6623cf5edf753755948d5b42ee774b7fe5a17
SmellyCode++,Java,Long Method,0,scpp_row52247,52247,jena,jena-elephas.jena-elephas-io.src.test.org.apache.jena.hadoop.rdf.io.input.util.abstracttrackableinputstreamtests,d36a215b59028b68bd160b30d4d0894f70bc6ef0f211929ea9b867c77e0bd79b
SmellyCode++,Java,Long Method,0,scpp_row24704,24704,syncope,core.workflow-activiti.src.main.org.apache.syncope.core.workflow.activiti.task.generatetoken,6206521a6742763f1862aca99b204f751a9c1c655c0ef237d33b888b057678a4
SmellyCode++,Java,Long Method,0,scpp_row67228,67228,openjpa,openjpa-jdbc.src.main.org.apache.openjpa.jdbc.meta.strats.identityjoinable,58bf8d50f5cdf8d0cf0408450342437ce92bd3b524262ee7a0d9e83fba9f7fef
SmellyCode++,Java,Long Method,0,scpp_row104157,104157,atlas-sources,typesystem.src.main.org.apache.atlas.typesystem.types.cache.typecache,2579bec28e9c2bf5c77cd161e348fd3318f0c472df6209dfcc2dfb19968747a9
SmellyCode++,Java,Long Method,0,scpp_row39576,39576,ranger,hbase-agent.src.test.org.apache.ranger.authorization.hbase.rangerauthorizationcoprocessortest,84e91d028520f1bae76eee798db7f06625374c9739cb940623db443550402774
SmellyCode++,Java,Long Method,0,scpp_row101766,101766,tez,tez-dag.src.main.org.apache.tez.dag.app.dag.event.vertexeventtaskreschedule,9aa73738ac735fc3e67a3971cb116e309da05f2da542ebc91ede4872fdb9a5de
SmellyCode++,Java,Long Method,0,scpp_row37818,37818,hadoop,hadoop-mapreduce-project.hadoop-mapreduce-client.hadoop-mapreduce-client-core.src.main.org.apache.hadoop.mapreduce.task.reduce.ondiskmapoutput,361b3a0425d613f21db19f8bcb48fa16b526bf1667ed5aa390ac323fc8362d5b
SmellyCode++,Java,Long Method,0,scpp_row37553,37553,hadoop,hadoop-mapreduce-project.hadoop-mapreduce-client.hadoop-mapreduce-client-core.src.main.org.apache.hadoop.mapred.lib.multiplesequencefileoutputformat,5320fc99f829886f514679a32d46931265da62bab79b44341aa1b9c6652b64e9
SmellyCode++,Java,Long Method,0,scpp_row32574,32574,ofbiz,framework.sql.src.org.ofbiz.sql.sqlplan,b2010449a3b52a83c355c5ab484ead517bdd88c8969bc0b070b606a7030a9ba7
SmellyCode++,Java,Long Method,0,scpp_row37691,37691,hadoop,hadoop-mapreduce-project.hadoop-mapreduce-client.hadoop-mapreduce-client-core.src.main.org.apache.hadoop.mapreduce.lib.db.datesplitter,79256c5fda0de22f3fda84c2bca23cb428f96210394b468c016b5fc5b01e3c3a
SmellyCode++,Java,Long Method,0,scpp_row70459,70459,openmeetings,openmeetings-db.src.main.org.apache.openmeetings.db.dao.record.recordingmetadatadao,3e3adac3f7900ec97016fac6453e57143300fea7a0613c3b0bed1ff02cf5edaa
SmellyCode++,Java,Long Method,0,scpp_row38076,38076,hadoop,hadoop-mapreduce-project.hadoop-mapreduce-client.hadoop-mapreduce-client-jobclient.src.test.org.apache.hadoop.mapred.testjobcleanup,e8eb0f6ae7346191f0388028e8345b9a544833af6f08f1008e1658ea138f24dc
SmellyCode++,Java,Long Method,0,scpp_row82296,82296,beam,runners.flink.src.test.org.apache.beam.runners.flink.translation.functions.impulsesourcefunctiontest,913175cde5185199ca313e2f25bfc66340fd9315d5b0392f265a520b3368e703
SmellyCode++,Java,Long Method,0,scpp_row44219,44219,hive,hcatalog.storage-handlers.hbase.src.org.apache.hcatalog.hbase.snapshot.zkbasedrevisionmanager,05f2de7ee14008025bbb3be51e2f32b3908e0c4cd48ba9c1528dbd7a9ba1eb99
SmellyCode++,Java,Long Method,0,scpp_row43277,43277,hbase,hbase-server.src.test.org.apache.hadoop.hbase.util.stoppableimplementation,f7b0e03cc44b643b39e83296e4312c50ab7eff4a220e6b85c5549d90ad8236cb
SmellyCode++,Java,Long Method,0,scpp_row81787,81787,beam,runners.core-construction.src.test.org.apache.beam.runners.core.construction.groupbykeytranslationtest,3cfea1368d98ccb4e0f33b7b726383af679a2941544e158ce0483a9925ae9272
SmellyCode++,Java,Long Method,0,scpp_row97462,97462,storm,storm-core.src.jvm.org.apache.storm.trident.operation.function,2e595c460abcddcd528312ca2e3b9c0fb38c4b59e851f90571c33c4be65c7dbf
SmellyCode++,Java,Long Method,0,scpp_row68491,68491,openjpa,openjpa-persistence-jdbc.src.test.org.apache.openjpa.persistence.delimited.identifiers.cat2,9ab8d609dd18e4a03b513bc6d0717d0f30f1069a1f2915c716338536bda21741
SmellyCode++,Java,Long Method,0,scpp_row7385,7385,archiva,archiva-modules.archiva-base.archiva-proxy.src.test.org.apache.archiva.proxy.httpproxytransfertest,26a67e504534bb33e98e14fbd1539edd3cc14cf48eba9c9d144f82d1b3b3d386
SmellyCode++,Java,Long Method,0,scpp_row34855,34855,tinkerpop,gremlin-core.src.main.org.apache.tinkerpop.gremlin.structure.io.graphson.javatimeserializersv1d0,ddb3af67797aa35f557fc1f817dce0ce0b73af7cab5d3c6d11aaa5113431910a
SmellyCode++,Java,Long Method,0,scpp_row21475,21475,calcite,core.src.main.org.apache.calcite.rel.core.spool,fb955fc77f7240385aa3f2fbb84661903c7ce458c55cc76cb84e610d0a68e5df
